USE [MatchScore]
GO

--GENERATE USERS
SET IDENTITY_INSERT [dbo].[Users] ON 
GO
INSERT [dbo].[Users] ([UserId], [Username], [PasswordSalt], [PasswordHash], [Email], [Role], [CreatedOn], [PlayerId], [IsInactive], [IsDeleted]) VALUES (1, N'Admin', 0x2304DC1B898874D4130882D0E9E4A4ACC0B1F03369B21D702D37228C4BD5C4895E16E2F9C2A6FABB8E077DF2F896505317FBA384920A783B398444C0729BAFDAF0CC85E0BBAC5763FC1CEE5DDF747E24E5A29C84E37E3F54B64477DE2174101DA40F984FD8F97FF82CDC730324A8FBB7120F209828ED495D69D617B177BE3199, 0xCBDAD874F15E69E4BC8ADE8C3AC4B286502C74A24594499637D664D5A32ED113B11C041C53040B1A5DCB4FC75A5B7C1EB28A5E08A73551CEA525A4A0374426A4, N'gamepoint@abv.bg', 0, CAST(N'2022-01-01T00:00:00.0000000' AS DateTime2), NULL, 0, 0)
GO
INSERT [dbo].[Users] ([UserId], [Username], [PasswordSalt], [PasswordHash], [Email], [Role], [CreatedOn], [PlayerId], [IsInactive], [IsDeleted]) VALUES (2, N'Antoaneta', 0xF4FFC3528F7233C05620014759A00C8B9069744EFDE638E13EF389F1788947D2D9EA7C43B4BB6691A59617D2A4544A13B6D49D8D912469D4D22FD1912BB699077BC6848C2D6895B183CC5B9C78E552843177EAD410A390DFC2C0B1BC6C35CBD9FD7E1F8E062D88F3B5FB3A9D6F6F34693EA4006DF8ACFC958A1E630CDE30520B, 0x474D8FC7BBABDC6FB99EB3E01132BA97A6443B1724EFBFB94A0A7890EC6D9A3A9D3CABFFFDB9743B80F81F037762FE5118464C322E188137E1DB5CC0B5C40F91, N'antoaneta.stefanova.a41@learn.telerikacademy.com', 1, CAST(N'2022-12-01T02:00:00.0000000' AS DateTime2), NULL, 0, 0)
GO
INSERT [dbo].[Users] ([UserId], [Username], [PasswordSalt], [PasswordHash], [Email], [Role], [CreatedOn], [PlayerId], [IsInactive], [IsDeleted]) VALUES (3, N'Assen', 0xF4FFC3528F7233C05620014759A00C8B9069744EFDE638E13EF389F1788947D2D9EA7C43B4BB6691A59617D2A4544A13B6D49D8D912469D4D22FD1912BB699077BC6848C2D6895B183CC5B9C78E552843177EAD410A390DFC2C0B1BC6C35CBD9FD7E1F8E062D88F3B5FB3A9D6F6F34693EA4006DF8ACFC958A1E630CDE30520B, 0x474D8FC7BBABDC6FB99EB3E01132BA97A6443B1724EFBFB94A0A7890EC6D9A3A9D3CABFFFDB9743B80F81F037762FE5118464C322E188137E1DB5CC0B5C40F91, N'asen.iliev.a41@learn.telerikacademy.com', 1, CAST(N'2022-12-01T03:00:00.0000000' AS DateTime2), NULL, 0, 0)
GO
INSERT [dbo].[Users] ([UserId], [Username], [PasswordSalt], [PasswordHash], [Email], [Role], [CreatedOn], [PlayerId], [IsInactive], [IsDeleted]) VALUES (4, N'Haley', 0xF4FFC3528F7233C05620014759A00C8B9069744EFDE638E13EF389F1788947D2D9EA7C43B4BB6691A59617D2A4544A13B6D49D8D912469D4D22FD1912BB699077BC6848C2D6895B183CC5B9C78E552843177EAD410A390DFC2C0B1BC6C35CBD9FD7E1F8E062D88F3B5FB3A9D6F6F34693EA4006DF8ACFC958A1E630CDE30520B, 0x474D8FC7BBABDC6FB99EB3E01132BA97A6443B1724EFBFB94A0A7890EC6D9A3A9D3CABFFFDB9743B80F81F037762FE5118464C322E188137E1DB5CC0B5C40F91, N'haley@mail.com', 2, CAST(N'2022-12-01T04:00:00.0000000' AS DateTime2), NULL, 0, 0)
GO
INSERT [dbo].[Users] ([UserId], [Username], [PasswordSalt], [PasswordHash], [Email], [Role], [CreatedOn], [PlayerId], [IsInactive], [IsDeleted]) VALUES (5, N'Adelbert', 0xF4FFC3528F7233C05620014759A00C8B9069744EFDE638E13EF389F1788947D2D9EA7C43B4BB6691A59617D2A4544A13B6D49D8D912469D4D22FD1912BB699077BC6848C2D6895B183CC5B9C78E552843177EAD410A390DFC2C0B1BC6C35CBD9FD7E1F8E062D88F3B5FB3A9D6F6F34693EA4006DF8ACFC958A1E630CDE30520B, 0x474D8FC7BBABDC6FB99EB3E01132BA97A6443B1724EFBFB94A0A7890EC6D9A3A9D3CABFFFDB9743B80F81F037762FE5118464C322E188137E1DB5CC0B5C40F91, N'adelbert@mail.com', 2, CAST(N'2022-12-01T05:00:00.0000000' AS DateTime2), NULL, 0, 0)
GO
INSERT [dbo].[Users] ([UserId], [Username], [PasswordSalt], [PasswordHash], [Email], [Role], [CreatedOn], [PlayerId], [IsInactive], [IsDeleted]) VALUES (6, N'Winslow', 0xF4FFC3528F7233C05620014759A00C8B9069744EFDE638E13EF389F1788947D2D9EA7C43B4BB6691A59617D2A4544A13B6D49D8D912469D4D22FD1912BB699077BC6848C2D6895B183CC5B9C78E552843177EAD410A390DFC2C0B1BC6C35CBD9FD7E1F8E062D88F3B5FB3A9D6F6F34693EA4006DF8ACFC958A1E630CDE30520B, 0x474D8FC7BBABDC6FB99EB3E01132BA97A6443B1724EFBFB94A0A7890EC6D9A3A9D3CABFFFDB9743B80F81F037762FE5118464C322E188137E1DB5CC0B5C40F91, N'winslow@mail.com', 2, CAST(N'2022-12-01T06:00:00.0000000' AS DateTime2), NULL, 0, 0)
GO
INSERT [dbo].[Users] ([UserId], [Username], [PasswordSalt], [PasswordHash], [Email], [Role], [CreatedOn], [PlayerId], [IsInactive], [IsDeleted]) VALUES (7, N'Carlos', 0xF4FFC3528F7233C05620014759A00C8B9069744EFDE638E13EF389F1788947D2D9EA7C43B4BB6691A59617D2A4544A13B6D49D8D912469D4D22FD1912BB699077BC6848C2D6895B183CC5B9C78E552843177EAD410A390DFC2C0B1BC6C35CBD9FD7E1F8E062D88F3B5FB3A9D6F6F34693EA4006DF8ACFC958A1E630CDE30520B, 0x474D8FC7BBABDC6FB99EB3E01132BA97A6443B1724EFBFB94A0A7890EC6D9A3A9D3CABFFFDB9743B80F81F037762FE5118464C322E188137E1DB5CC0B5C40F91, N'carlos@mail.com', 2, CAST(N'2022-12-01T07:00:00.0000000' AS DateTime2), NULL, 0, 0)
GO
INSERT [dbo].[Users] ([UserId], [Username], [PasswordSalt], [PasswordHash], [Email], [Role], [CreatedOn], [PlayerId], [IsInactive], [IsDeleted]) VALUES (8, N'Aaren', 0xF4FFC3528F7233C05620014759A00C8B9069744EFDE638E13EF389F1788947D2D9EA7C43B4BB6691A59617D2A4544A13B6D49D8D912469D4D22FD1912BB699077BC6848C2D6895B183CC5B9C78E552843177EAD410A390DFC2C0B1BC6C35CBD9FD7E1F8E062D88F3B5FB3A9D6F6F34693EA4006DF8ACFC958A1E630CDE30520B, 0x474D8FC7BBABDC6FB99EB3E01132BA97A6443B1724EFBFB94A0A7890EC6D9A3A9D3CABFFFDB9743B80F81F037762FE5118464C322E188137E1DB5CC0B5C40F91, N'aaren@mail.com', 2, CAST(N'2022-12-01T08:00:00.0000000' AS DateTime2), NULL, 0, 0)
GO
INSERT [dbo].[Users] ([UserId], [Username], [PasswordSalt], [PasswordHash], [Email], [Role], [CreatedOn], [PlayerId], [IsInactive], [IsDeleted]) VALUES (9, N'Garry', 0xF4FFC3528F7233C05620014759A00C8B9069744EFDE638E13EF389F1788947D2D9EA7C43B4BB6691A59617D2A4544A13B6D49D8D912469D4D22FD1912BB699077BC6848C2D6895B183CC5B9C78E552843177EAD410A390DFC2C0B1BC6C35CBD9FD7E1F8E062D88F3B5FB3A9D6F6F34693EA4006DF8ACFC958A1E630CDE30520B, 0x474D8FC7BBABDC6FB99EB3E01132BA97A6443B1724EFBFB94A0A7890EC6D9A3A9D3CABFFFDB9743B80F81F037762FE5118464C322E188137E1DB5CC0B5C40F91, N'garry@mail.com', 2, CAST(N'2022-12-01T09:00:00.0000000' AS DateTime2), NULL, 0, 0)
GO
INSERT [dbo].[Users] ([UserId], [Username], [PasswordSalt], [PasswordHash], [Email], [Role], [CreatedOn], [PlayerId], [IsInactive], [IsDeleted]) VALUES (10, N'Morna', 0xF4FFC3528F7233C05620014759A00C8B9069744EFDE638E13EF389F1788947D2D9EA7C43B4BB6691A59617D2A4544A13B6D49D8D912469D4D22FD1912BB699077BC6848C2D6895B183CC5B9C78E552843177EAD410A390DFC2C0B1BC6C35CBD9FD7E1F8E062D88F3B5FB3A9D6F6F34693EA4006DF8ACFC958A1E630CDE30520B, 0x474D8FC7BBABDC6FB99EB3E01132BA97A6443B1724EFBFB94A0A7890EC6D9A3A9D3CABFFFDB9743B80F81F037762FE5118464C322E188137E1DB5CC0B5C40F91, N'morna@mail.com', 2, CAST(N'2022-12-01T10:00:00.0000000' AS DateTime2), NULL, 0, 0)
GO
INSERT [dbo].[Users] ([UserId], [Username], [PasswordSalt], [PasswordHash], [Email], [Role], [CreatedOn], [PlayerId], [IsInactive], [IsDeleted]) VALUES (11, N'Sylvester', 0xF4FFC3528F7233C05620014759A00C8B9069744EFDE638E13EF389F1788947D2D9EA7C43B4BB6691A59617D2A4544A13B6D49D8D912469D4D22FD1912BB699077BC6848C2D6895B183CC5B9C78E552843177EAD410A390DFC2C0B1BC6C35CBD9FD7E1F8E062D88F3B5FB3A9D6F6F34693EA4006DF8ACFC958A1E630CDE30520B, 0x474D8FC7BBABDC6FB99EB3E01132BA97A6443B1724EFBFB94A0A7890EC6D9A3A9D3CABFFFDB9743B80F81F037762FE5118464C322E188137E1DB5CC0B5C40F91, N'sylvester@mail.com', 2, CAST(N'2022-12-01T11:00:00.0000000' AS DateTime2), NULL, 0, 0)
GO
INSERT [dbo].[Users] ([UserId], [Username], [PasswordSalt], [PasswordHash], [Email], [Role], [CreatedOn], [PlayerId], [IsInactive], [IsDeleted]) VALUES (12, N'Talia', 0xF4FFC3528F7233C05620014759A00C8B9069744EFDE638E13EF389F1788947D2D9EA7C43B4BB6691A59617D2A4544A13B6D49D8D912469D4D22FD1912BB699077BC6848C2D6895B183CC5B9C78E552843177EAD410A390DFC2C0B1BC6C35CBD9FD7E1F8E062D88F3B5FB3A9D6F6F34693EA4006DF8ACFC958A1E630CDE30520B, 0x474D8FC7BBABDC6FB99EB3E01132BA97A6443B1724EFBFB94A0A7890EC6D9A3A9D3CABFFFDB9743B80F81F037762FE5118464C322E188137E1DB5CC0B5C40F91, N'talia@mail.com', 2, CAST(N'2022-12-01T12:00:00.0000000' AS DateTime2), NULL, 0, 0)
GO
INSERT [dbo].[Users] ([UserId], [Username], [PasswordSalt], [PasswordHash], [Email], [Role], [CreatedOn], [PlayerId], [IsInactive], [IsDeleted]) VALUES (13, N'Putnam', 0xF4FFC3528F7233C05620014759A00C8B9069744EFDE638E13EF389F1788947D2D9EA7C43B4BB6691A59617D2A4544A13B6D49D8D912469D4D22FD1912BB699077BC6848C2D6895B183CC5B9C78E552843177EAD410A390DFC2C0B1BC6C35CBD9FD7E1F8E062D88F3B5FB3A9D6F6F34693EA4006DF8ACFC958A1E630CDE30520B, 0x474D8FC7BBABDC6FB99EB3E01132BA97A6443B1724EFBFB94A0A7890EC6D9A3A9D3CABFFFDB9743B80F81F037762FE5118464C322E188137E1DB5CC0B5C40F91, N'putnam@mail.com', 2, CAST(N'2022-12-01T13:00:00.0000000' AS DateTime2), NULL, 0, 0)
GO
INSERT [dbo].[Users] ([UserId], [Username], [PasswordSalt], [PasswordHash], [Email], [Role], [CreatedOn], [PlayerId], [IsInactive], [IsDeleted]) VALUES (14, N'Benn', 0xF4FFC3528F7233C05620014759A00C8B9069744EFDE638E13EF389F1788947D2D9EA7C43B4BB6691A59617D2A4544A13B6D49D8D912469D4D22FD1912BB699077BC6848C2D6895B183CC5B9C78E552843177EAD410A390DFC2C0B1BC6C35CBD9FD7E1F8E062D88F3B5FB3A9D6F6F34693EA4006DF8ACFC958A1E630CDE30520B, 0x474D8FC7BBABDC6FB99EB3E01132BA97A6443B1724EFBFB94A0A7890EC6D9A3A9D3CABFFFDB9743B80F81F037762FE5118464C322E188137E1DB5CC0B5C40F91, N'benn@mail.com', 2, CAST(N'2022-12-01T14:00:00.0000000' AS DateTime2), NULL, 0, 0)
GO
INSERT [dbo].[Users] ([UserId], [Username], [PasswordSalt], [PasswordHash], [Email], [Role], [CreatedOn], [PlayerId], [IsInactive], [IsDeleted]) VALUES (15, N'Glyn', 0xF4FFC3528F7233C05620014759A00C8B9069744EFDE638E13EF389F1788947D2D9EA7C43B4BB6691A59617D2A4544A13B6D49D8D912469D4D22FD1912BB699077BC6848C2D6895B183CC5B9C78E552843177EAD410A390DFC2C0B1BC6C35CBD9FD7E1F8E062D88F3B5FB3A9D6F6F34693EA4006DF8ACFC958A1E630CDE30520B, 0x474D8FC7BBABDC6FB99EB3E01132BA97A6443B1724EFBFB94A0A7890EC6D9A3A9D3CABFFFDB9743B80F81F037762FE5118464C322E188137E1DB5CC0B5C40F91, N'glyn@mail.com', 2, CAST(N'2022-12-01T15:00:00.0000000' AS DateTime2), NULL, 0, 0)
GO
INSERT [dbo].[Users] ([UserId], [Username], [PasswordSalt], [PasswordHash], [Email], [Role], [CreatedOn], [PlayerId], [IsInactive], [IsDeleted]) VALUES (16, N'Bruce', 0xF4FFC3528F7233C05620014759A00C8B9069744EFDE638E13EF389F1788947D2D9EA7C43B4BB6691A59617D2A4544A13B6D49D8D912469D4D22FD1912BB699077BC6848C2D6895B183CC5B9C78E552843177EAD410A390DFC2C0B1BC6C35CBD9FD7E1F8E062D88F3B5FB3A9D6F6F34693EA4006DF8ACFC958A1E630CDE30520B, 0x474D8FC7BBABDC6FB99EB3E01132BA97A6443B1724EFBFB94A0A7890EC6D9A3A9D3CABFFFDB9743B80F81F037762FE5118464C322E188137E1DB5CC0B5C40F91, N'bruce@mail.com', 2, CAST(N'2022-12-01T16:00:00.0000000' AS DateTime2), NULL, 0, 0)
GO
INSERT [dbo].[Users] ([UserId], [Username], [PasswordSalt], [PasswordHash], [Email], [Role], [CreatedOn], [PlayerId], [IsInactive], [IsDeleted]) VALUES (17, N'George', 0xF4FFC3528F7233C05620014759A00C8B9069744EFDE638E13EF389F1788947D2D9EA7C43B4BB6691A59617D2A4544A13B6D49D8D912469D4D22FD1912BB699077BC6848C2D6895B183CC5B9C78E552843177EAD410A390DFC2C0B1BC6C35CBD9FD7E1F8E062D88F3B5FB3A9D6F6F34693EA4006DF8ACFC958A1E630CDE30520B, 0x474D8FC7BBABDC6FB99EB3E01132BA97A6443B1724EFBFB94A0A7890EC6D9A3A9D3CABFFFDB9743B80F81F037762FE5118464C322E188137E1DB5CC0B5C40F91, N'george@mail.com', 2, CAST(N'2022-12-01T17:00:00.0000000' AS DateTime2), NULL, 0, 0)
GO
INSERT [dbo].[Users] ([UserId], [Username], [PasswordSalt], [PasswordHash], [Email], [Role], [CreatedOn], [PlayerId], [IsInactive], [IsDeleted]) VALUES (18, N'Karel', 0xF4FFC3528F7233C05620014759A00C8B9069744EFDE638E13EF389F1788947D2D9EA7C43B4BB6691A59617D2A4544A13B6D49D8D912469D4D22FD1912BB699077BC6848C2D6895B183CC5B9C78E552843177EAD410A390DFC2C0B1BC6C35CBD9FD7E1F8E062D88F3B5FB3A9D6F6F34693EA4006DF8ACFC958A1E630CDE30520B, 0x474D8FC7BBABDC6FB99EB3E01132BA97A6443B1724EFBFB94A0A7890EC6D9A3A9D3CABFFFDB9743B80F81F037762FE5118464C322E188137E1DB5CC0B5C40F91, N'karel@mail.com', 2, CAST(N'2022-12-01T18:00:00.0000000' AS DateTime2), NULL, 0, 0)
GO
INSERT [dbo].[Users] ([UserId], [Username], [PasswordSalt], [PasswordHash], [Email], [Role], [CreatedOn], [PlayerId], [IsInactive], [IsDeleted]) VALUES (19, N'Michel', 0xF4FFC3528F7233C05620014759A00C8B9069744EFDE638E13EF389F1788947D2D9EA7C43B4BB6691A59617D2A4544A13B6D49D8D912469D4D22FD1912BB699077BC6848C2D6895B183CC5B9C78E552843177EAD410A390DFC2C0B1BC6C35CBD9FD7E1F8E062D88F3B5FB3A9D6F6F34693EA4006DF8ACFC958A1E630CDE30520B, 0x474D8FC7BBABDC6FB99EB3E01132BA97A6443B1724EFBFB94A0A7890EC6D9A3A9D3CABFFFDB9743B80F81F037762FE5118464C322E188137E1DB5CC0B5C40F91, N'michel@mail.com', 2, CAST(N'2022-12-01T19:00:00.0000000' AS DateTime2), NULL, 0, 0)
GO
INSERT [dbo].[Users] ([UserId], [Username], [PasswordSalt], [PasswordHash], [Email], [Role], [CreatedOn], [PlayerId], [IsInactive], [IsDeleted]) VALUES (20, N'Coral', 0xF4FFC3528F7233C05620014759A00C8B9069744EFDE638E13EF389F1788947D2D9EA7C43B4BB6691A59617D2A4544A13B6D49D8D912469D4D22FD1912BB699077BC6848C2D6895B183CC5B9C78E552843177EAD410A390DFC2C0B1BC6C35CBD9FD7E1F8E062D88F3B5FB3A9D6F6F34693EA4006DF8ACFC958A1E630CDE30520B, 0x474D8FC7BBABDC6FB99EB3E01132BA97A6443B1724EFBFB94A0A7890EC6D9A3A9D3CABFFFDB9743B80F81F037762FE5118464C322E188137E1DB5CC0B5C40F91, N'coral@mail.com', 2, CAST(N'2022-12-01T20:00:00.0000000' AS DateTime2), NULL, 0, 0)
GO
INSERT [dbo].[Users] ([UserId], [Username], [PasswordSalt], [PasswordHash], [Email], [Role], [CreatedOn], [PlayerId], [IsInactive], [IsDeleted]) VALUES (21, N'Lauri', 0xF4FFC3528F7233C05620014759A00C8B9069744EFDE638E13EF389F1788947D2D9EA7C43B4BB6691A59617D2A4544A13B6D49D8D912469D4D22FD1912BB699077BC6848C2D6895B183CC5B9C78E552843177EAD410A390DFC2C0B1BC6C35CBD9FD7E1F8E062D88F3B5FB3A9D6F6F34693EA4006DF8ACFC958A1E630CDE30520B, 0x474D8FC7BBABDC6FB99EB3E01132BA97A6443B1724EFBFB94A0A7890EC6D9A3A9D3CABFFFDB9743B80F81F037762FE5118464C322E188137E1DB5CC0B5C40F91, N'lauri@mail.com', 2, CAST(N'2022-12-01T21:00:00.0000000' AS DateTime2), NULL, 0, 0)
GO
INSERT [dbo].[Users] ([UserId], [Username], [PasswordSalt], [PasswordHash], [Email], [Role], [CreatedOn], [PlayerId], [IsInactive], [IsDeleted]) VALUES (22, N'Sarita', 0xF4FFC3528F7233C05620014759A00C8B9069744EFDE638E13EF389F1788947D2D9EA7C43B4BB6691A59617D2A4544A13B6D49D8D912469D4D22FD1912BB699077BC6848C2D6895B183CC5B9C78E552843177EAD410A390DFC2C0B1BC6C35CBD9FD7E1F8E062D88F3B5FB3A9D6F6F34693EA4006DF8ACFC958A1E630CDE30520B, 0x474D8FC7BBABDC6FB99EB3E01132BA97A6443B1724EFBFB94A0A7890EC6D9A3A9D3CABFFFDB9743B80F81F037762FE5118464C322E188137E1DB5CC0B5C40F91, N'sarita@mail.com', 2, CAST(N'2022-12-01T22:00:00.0000000' AS DateTime2), NULL, 0, 0)
GO
INSERT [dbo].[Users] ([UserId], [Username], [PasswordSalt], [PasswordHash], [Email], [Role], [CreatedOn], [PlayerId], [IsInactive], [IsDeleted]) VALUES (23, N'Williams', 0xF4FFC3528F7233C05620014759A00C8B9069744EFDE638E13EF389F1788947D2D9EA7C43B4BB6691A59617D2A4544A13B6D49D8D912469D4D22FD1912BB699077BC6848C2D6895B183CC5B9C78E552843177EAD410A390DFC2C0B1BC6C35CBD9FD7E1F8E062D88F3B5FB3A9D6F6F34693EA4006DF8ACFC958A1E630CDE30520B, 0x474D8FC7BBABDC6FB99EB3E01132BA97A6443B1724EFBFB94A0A7890EC6D9A3A9D3CABFFFDB9743B80F81F037762FE5118464C322E188137E1DB5CC0B5C40F91, N'williams@mail.com', 2, CAST(N'2022-12-01T22:30:00.0000000' AS DateTime2), NULL, 0, 0)
GO
INSERT [dbo].[Users] ([UserId], [Username], [PasswordSalt], [PasswordHash], [Email], [Role], [CreatedOn], [PlayerId], [IsInactive], [IsDeleted]) VALUES (24, N'Jerad', 0xF4FFC3528F7233C05620014759A00C8B9069744EFDE638E13EF389F1788947D2D9EA7C43B4BB6691A59617D2A4544A13B6D49D8D912469D4D22FD1912BB699077BC6848C2D6895B183CC5B9C78E552843177EAD410A390DFC2C0B1BC6C35CBD9FD7E1F8E062D88F3B5FB3A9D6F6F34693EA4006DF8ACFC958A1E630CDE30520B, 0x474D8FC7BBABDC6FB99EB3E01132BA97A6443B1724EFBFB94A0A7890EC6D9A3A9D3CABFFFDB9743B80F81F037762FE5118464C322E188137E1DB5CC0B5C40F91, N'jerad@mail.com', 2, CAST(N'2022-12-01T23:00:00.0000000' AS DateTime2), NULL, 0, 0)
GO
SET IDENTITY_INSERT [dbo].[Users] OFF
GO

--GENERATE LOCATIONS
SET IDENTITY_INSERT [dbo].[Locations] ON 
GO
INSERT [dbo].[Locations] ([LocationId], [City], [Country], [Latitude], [Longitude]) VALUES (1, N'Sofia', 35, N'42.6977', N'23.3219')
GO
INSERT [dbo].[Locations] ([LocationId], [City], [Country], [Latitude], [Longitude]) VALUES (2, N'Chicago', 236, N'41.8781', N'-87.6298')
GO
INSERT [dbo].[Locations] ([LocationId], [City], [Country], [Latitude], [Longitude]) VALUES (3, N'London', 235, N'51.5072', N'-0.1276')
GO
INSERT [dbo].[Locations] ([LocationId], [City], [Country], [Latitude], [Longitude]) VALUES (4, N'Lyon', 76, N'45.7594', N'4.8290')
GO
SET IDENTITY_INSERT [dbo].[Locations] OFF
GO

--GENERATE SPORTS CLUBS
SET IDENTITY_INSERT [dbo].[SportsClubs] ON 
GO
INSERT [dbo].[SportsClubs] ([SportsClubId], [Name], [IsDeleted]) VALUES (1,		N'Badasses',			0)
GO
INSERT [dbo].[SportsClubs] ([SportsClubId], [Name], [IsDeleted]) VALUES (2,		N'Flying Monkeys',		0)
GO
INSERT [dbo].[SportsClubs] ([SportsClubId], [Name], [IsDeleted]) VALUES (3,		N'MVPs',				0)
GO
INSERT [dbo].[SportsClubs] ([SportsClubId], [Name], [IsDeleted]) VALUES (4,		N'Full Effect',			0)
GO
INSERT [dbo].[SportsClubs] ([SportsClubId], [Name], [IsDeleted]) VALUES (5,		N'Chosen Ones',			0)
GO
INSERT [dbo].[SportsClubs] ([SportsClubId], [Name], [IsDeleted]) VALUES (6,		N'Beasts',				0)
GO
INSERT [dbo].[SportsClubs] ([SportsClubId], [Name], [IsDeleted]) VALUES (7,		N'A Team',				0)
GO
INSERT [dbo].[SportsClubs] ([SportsClubId], [Name], [IsDeleted]) VALUES (8,		N'Coffee Addicts',		0)
GO
INSERT [dbo].[SportsClubs] ([SportsClubId], [Name], [IsDeleted]) VALUES (9,		N'Rampage',				0)
GO
INSERT [dbo].[SportsClubs] ([SportsClubId], [Name], [IsDeleted]) VALUES (10,	N'Ninjas',				0)
GO
SET IDENTITY_INSERT [dbo].[SportsClubs] OFF

--GENERATE PLAYERS
SET IDENTITY_INSERT [dbo].[Players] ON 
GO
--GENERATE TEAMS PLAYERS
INSERT [dbo].[Players] ([PlayerId], [Name], [Photo], [IsTeam], [Country], [SportsClubId], [IsInactive], [IsDeleted]) VALUES (1,		N'Badasses',				NULL,	1,		66,		1,		0,		0)
GO
INSERT [dbo].[Players] ([PlayerId], [Name], [Photo], [IsTeam], [Country], [SportsClubId], [IsInactive], [IsDeleted]) VALUES (2,		N'Flying Monkeys',			NULL,	1,		114,	2,		0,		0)
GO
INSERT [dbo].[Players] ([PlayerId], [Name], [Photo], [IsTeam], [Country], [SportsClubId], [IsInactive], [IsDeleted]) VALUES (3,		N'MVPs',					NULL,	1,		173,	3,		0,		0)
GO
INSERT [dbo].[Players] ([PlayerId], [Name], [Photo], [IsTeam], [Country], [SportsClubId], [IsInactive], [IsDeleted]) VALUES (4,		N'Full Effect',				NULL,	1,		202,	4,		0,		0)
GO
INSERT [dbo].[Players] ([PlayerId], [Name], [Photo], [IsTeam], [Country], [SportsClubId], [IsInactive], [IsDeleted]) VALUES (5,		N'Chosen Ones',				NULL,	1,		35,		5,		0,		0)
GO
INSERT [dbo].[Players] ([PlayerId], [Name], [Photo], [IsTeam], [Country], [SportsClubId], [IsInactive], [IsDeleted]) VALUES (6,		N'Beasts',					NULL,	1,		188,	6,		0,		0)
GO
INSERT [dbo].[Players] ([PlayerId], [Name], [Photo], [IsTeam], [Country], [SportsClubId], [IsInactive], [IsDeleted]) VALUES (7,		N'A Team',					NULL,	1,		33,		7,		0,		0)
GO
INSERT [dbo].[Players] ([PlayerId], [Name], [Photo], [IsTeam], [Country], [SportsClubId], [IsInactive], [IsDeleted]) VALUES (8,		N'Coffee Addicts',			NULL,	1,		225,	8,		0,		0)
GO
INSERT [dbo].[Players] ([PlayerId], [Name], [Photo], [IsTeam], [Country], [SportsClubId], [IsInactive], [IsDeleted]) VALUES (9,		N'Rampage',					NULL,	1,		59,		9,		0,		0)
GO
INSERT [dbo].[Players] ([PlayerId], [Name], [Photo], [IsTeam], [Country], [SportsClubId], [IsInactive], [IsDeleted]) VALUES (10,	N'Ninjas',					NULL,	1,		158,	10,		0,		0)
GO

--GENERATE INDIVIDUAL PLAYERS
INSERT [dbo].[Players] ([PlayerId], [Name], [Photo], [IsTeam], [Country], [SportsClubId], [IsInactive], [IsDeleted]) VALUES (11,	N'Cassandra Donovan',		NULL,	0,		59,		9,		0,		0)
GO
INSERT [dbo].[Players] ([PlayerId], [Name], [Photo], [IsTeam], [Country], [SportsClubId], [IsInactive], [IsDeleted]) VALUES (12,	N'Robert Pearson',			NULL,	0,		202,	4,		0,		0)
GO
INSERT [dbo].[Players] ([PlayerId], [Name], [Photo], [IsTeam], [Country], [SportsClubId], [IsInactive], [IsDeleted]) VALUES (13,	N'Herman Johnson',			NULL,	0,		188,	6,		0,		0)
GO
INSERT [dbo].[Players] ([PlayerId], [Name], [Photo], [IsTeam], [Country], [SportsClubId], [IsInactive], [IsDeleted]) VALUES (14,	N'Baker Ortega',			NULL,	0,		8,		9,		0,		0)
GO
INSERT [dbo].[Players] ([PlayerId], [Name], [Photo], [IsTeam], [Country], [SportsClubId], [IsInactive], [IsDeleted]) VALUES (15,	N'Anjolie Burks',			NULL,	0,		200,	6,		0,		0)
GO
INSERT [dbo].[Players] ([PlayerId], [Name], [Photo], [IsTeam], [Country], [SportsClubId], [IsInactive], [IsDeleted]) VALUES (16,	N'Priscilla Kelley',		NULL,	0,		173,	3,		0,		0)
GO
INSERT [dbo].[Players] ([PlayerId], [Name], [Photo], [IsTeam], [Country], [SportsClubId], [IsInactive], [IsDeleted]) VALUES (17,	N'Clinton Day',				NULL,	0,		66,		1,		0,		0)
GO
INSERT [dbo].[Players] ([PlayerId], [Name], [Photo], [IsTeam], [Country], [SportsClubId], [IsInactive], [IsDeleted]) VALUES (18,	N'Harding Scott',			NULL,	0,		163,	9,		0,		0)
GO
INSERT [dbo].[Players] ([PlayerId], [Name], [Photo], [IsTeam], [Country], [SportsClubId], [IsInactive], [IsDeleted]) VALUES (19,	N'Bruce Lawson',			NULL,	0,		35,		5,		0,		0)
GO
INSERT [dbo].[Players] ([PlayerId], [Name], [Photo], [IsTeam], [Country], [SportsClubId], [IsInactive], [IsDeleted]) VALUES (20,	N'Tanya Boyle',				NULL,	0,		115,	1,		0,		0)
GO
INSERT [dbo].[Players] ([PlayerId], [Name], [Photo], [IsTeam], [Country], [SportsClubId], [IsInactive], [IsDeleted]) VALUES (21,	N'Urielle Kaufman',			NULL,	0,		203,	9,		0,		0)
GO
INSERT [dbo].[Players] ([PlayerId], [Name], [Photo], [IsTeam], [Country], [SportsClubId], [IsInactive], [IsDeleted]) VALUES (22,	N'Gavin Hammond',			NULL,	0,		91,		4,		0,		0)
GO
INSERT [dbo].[Players] ([PlayerId], [Name], [Photo], [IsTeam], [Country], [SportsClubId], [IsInactive], [IsDeleted]) VALUES (23,	N'Paul David',				NULL,	0,		192,	5,		0,		0)
GO
INSERT [dbo].[Players] ([PlayerId], [Name], [Photo], [IsTeam], [Country], [SportsClubId], [IsInactive], [IsDeleted]) VALUES (24,	N'Gretchen Hobbs',			NULL,	0,		7,		6,		0,		0)
GO
INSERT [dbo].[Players] ([PlayerId], [Name], [Photo], [IsTeam], [Country], [SportsClubId], [IsInactive], [IsDeleted]) VALUES (25,	N'Winifred Duffy',			NULL,	0,		61,		5,		0,		0)
GO
INSERT [dbo].[Players] ([PlayerId], [Name], [Photo], [IsTeam], [Country], [SportsClubId], [IsInactive], [IsDeleted]) VALUES (26,	N'Hedy Shaw',				NULL,	0,		102,	1,		0,		0)
GO
INSERT [dbo].[Players] ([PlayerId], [Name], [Photo], [IsTeam], [Country], [SportsClubId], [IsInactive], [IsDeleted]) VALUES (27,	N'Aladdin Waller',			NULL,	0,		72,		9,		0,		0)
GO
INSERT [dbo].[Players] ([PlayerId], [Name], [Photo], [IsTeam], [Country], [SportsClubId], [IsInactive], [IsDeleted]) VALUES (28,	N'Teagan Dodson',			NULL,	0,		243,	1,		0,		0)
GO
INSERT [dbo].[Players] ([PlayerId], [Name], [Photo], [IsTeam], [Country], [SportsClubId], [IsInactive], [IsDeleted]) VALUES (29,	N'Glenna Cohen',			NULL,	0,		158,	10,		0,		0)
GO
INSERT [dbo].[Players] ([PlayerId], [Name], [Photo], [IsTeam], [Country], [SportsClubId], [IsInactive], [IsDeleted]) VALUES (30,	N'Halee Phelps',			NULL,	0,		114,	2,		0,		0)
GO
INSERT [dbo].[Players] ([PlayerId], [Name], [Photo], [IsTeam], [Country], [SportsClubId], [IsInactive], [IsDeleted]) VALUES (31,	N'Driscoll Snider',			NULL,	0,		79,		9,		0,		0)
GO
INSERT [dbo].[Players] ([PlayerId], [Name], [Photo], [IsTeam], [Country], [SportsClubId], [IsInactive], [IsDeleted]) VALUES (32,	N'Kirestin Griffith',		NULL,	0,		33,		7,		0,		0)
GO
INSERT [dbo].[Players] ([PlayerId], [Name], [Photo], [IsTeam], [Country], [SportsClubId], [IsInactive], [IsDeleted]) VALUES (33,	N'Aline Willis',			NULL,	0,		117,	10,		0,		0)
GO
INSERT [dbo].[Players] ([PlayerId], [Name], [Photo], [IsTeam], [Country], [SportsClubId], [IsInactive], [IsDeleted]) VALUES (34,	N'Dominique Ashley',		NULL,	0,		74,		7,		0,		0)
GO
INSERT [dbo].[Players] ([PlayerId], [Name], [Photo], [IsTeam], [Country], [SportsClubId], [IsInactive], [IsDeleted]) VALUES (35,	N'Driscoll Lawrence',		NULL,	0,		5,		7,		0,		0)
GO
INSERT [dbo].[Players] ([PlayerId], [Name], [Photo], [IsTeam], [Country], [SportsClubId], [IsInactive], [IsDeleted]) VALUES (36,	N'Blake White',				NULL,	0,		97,		8,		0,		0)
GO
INSERT [dbo].[Players] ([PlayerId], [Name], [Photo], [IsTeam], [Country], [SportsClubId], [IsInactive], [IsDeleted]) VALUES (37,	N'Gannon Deleon',			NULL,	0,		50,		8,		0,		0)
GO
INSERT [dbo].[Players] ([PlayerId], [Name], [Photo], [IsTeam], [Country], [SportsClubId], [IsInactive], [IsDeleted]) VALUES (38,	N'Zachery Gross',			NULL,	0,		139,	1,		0,		0)
GO
INSERT [dbo].[Players] ([PlayerId], [Name], [Photo], [IsTeam], [Country], [SportsClubId], [IsInactive], [IsDeleted]) VALUES (39,	N'Cassandra Lawson',		NULL,	0,		110,	5,		0,		0)
GO
INSERT [dbo].[Players] ([PlayerId], [Name], [Photo], [IsTeam], [Country], [SportsClubId], [IsInactive], [IsDeleted]) VALUES (40,	N'Jerome Glass',			NULL,	0,		238,	5,		0,		0)
GO
INSERT [dbo].[Players] ([PlayerId], [Name], [Photo], [IsTeam], [Country], [SportsClubId], [IsInactive], [IsDeleted]) VALUES (41,	N'Callum Spears',			NULL,	0,		120,	3,		0,		0)
GO
INSERT [dbo].[Players] ([PlayerId], [Name], [Photo], [IsTeam], [Country], [SportsClubId], [IsInactive], [IsDeleted]) VALUES (42,	N'Madaline Fernandez',		NULL,	0,		212,	10,		0,		0)
GO
INSERT [dbo].[Players] ([PlayerId], [Name], [Photo], [IsTeam], [Country], [SportsClubId], [IsInactive], [IsDeleted]) VALUES (43,	N'Gillian Vinson',			NULL,	0,		145,	6,		0,		0)
GO
INSERT [dbo].[Players] ([PlayerId], [Name], [Photo], [IsTeam], [Country], [SportsClubId], [IsInactive], [IsDeleted]) VALUES (44,	N'Paul Schneider',			NULL,	0,		238,	2,		0,		0)
GO
INSERT [dbo].[Players] ([PlayerId], [Name], [Photo], [IsTeam], [Country], [SportsClubId], [IsInactive], [IsDeleted]) VALUES (45,	N'Jamalia Travis',			NULL,	0,		107,	2,		0,		0)
GO
INSERT [dbo].[Players] ([PlayerId], [Name], [Photo], [IsTeam], [Country], [SportsClubId], [IsInactive], [IsDeleted]) VALUES (46,	N'Jerry Vasquez',			NULL,	0,		147,	1,		0,		0)
GO
INSERT [dbo].[Players] ([PlayerId], [Name], [Photo], [IsTeam], [Country], [SportsClubId], [IsInactive], [IsDeleted]) VALUES (47,	N'Haley Porter',			NULL,	0,		49,		4,		0,		0)
GO
INSERT [dbo].[Players] ([PlayerId], [Name], [Photo], [IsTeam], [Country], [SportsClubId], [IsInactive], [IsDeleted]) VALUES (48,	N'Jacob Harding',			NULL,	0,		239,	1,		0,		0)
GO
INSERT [dbo].[Players] ([PlayerId], [Name], [Photo], [IsTeam], [Country], [SportsClubId], [IsInactive], [IsDeleted]) VALUES (49,	N'Hakeem Finley',			NULL,	0,		73,		10,		0,		0)
GO
INSERT [dbo].[Players] ([PlayerId], [Name], [Photo], [IsTeam], [Country], [SportsClubId], [IsInactive], [IsDeleted]) VALUES (50,	N'Arsenio Wolfe',			NULL,	0,		133,	6,		0,		0)
GO
SET IDENTITY_INSERT [dbo].[Players] OFF
GO
INSERT [dbo].[__EFMigrationsHistory] ([MigrationId], [ProductVersion]) VALUES (N'20221201112901_Initial', N'5.0.17')
GO
